,Artist,Streams,,,,,,,
,Drake,"42,265,767,620","16,462,425,900",248,4,111,241,244,10/26/21
,Ed Sheeran,"31,426,952,150","2,310,237,214",192,7,56,145,171,10/27/21
,Ariana Grande,"27,564,005,796","1,777,199,586",179,4,63,123,171,10/26/21
,Bad Bunny,"26,696,040,201","5,991,965,057",137,2,75,130,136,10/26/21
,The Weeknd,"26,403,922,382","3,303,593,345",147,6,59,124,139,10/26/21
,Justin Bieber,"25,872,419,764","7,951,452,839",218,4,52,162,190,10/27/21
,Post Malone,"25,642,273,280","2,285,975,833",66,8,52,64,65,10/26/21
,Eminem,"25,165,637,313","3,554,441,791",276,2,56,218,256,10/27/21
,Taylor Swift,"22,410,853,352","316,325,299",287,1,67,211,277,10/27/21
,J Balvin,"21,992,501,064","8,865,944,574",226,2,60,130,210,10/26/21
,BTS,"21,157,425,607","153,755,949",250,1,81,191,249,10/27/21
,Kanye West,"19,919,029,408","4,796,938,811",227,0,51,185,208,10/27/21
,Billie Eilish,"19,020,820,204",0,62,3,40,57,61,10/26/21
,Ozuna,"18,454,197,218","6,733,426,562",204,1,46,143,186,10/26/21
,Khalid,"18,394,072,472","2,607,507,939",95,6,36,83,93,10/25/21
,XXXTENTACION,"18,179,787,604","2,277,456,801",130,5,37,100,116,10/27/21
,Juice WRLD,"18,043,747,852","2,696,017,549",96,1,52,94,95,10/26/21
,Coldplay,"17,965,017,215",0,292,2,30,159,269,10/25/21
,Rihanna,"17,599,257,431","7,142,829,206",272,1,43,106,197,10/27/21
,Travis Scott,"17,570,800,455","8,217,127,212",110,3,42,88,103,10/27/21
,Imagine Dragons,"17,378,341,711","56,734,220",144,4,32,96,124,10/22/21
,Dua Lipa,"17,066,121,620","281,541,150",191,5,31,74,155,10/27/21
,Maroon 5,"16,991,017,591","16,548",238,3,28,100,192,10/26/21
,Shawn Mendes,"16,327,603,811","103,734,604",123,4,28,92,117,10/26/21
,David Guetta,"15,775,583,951","1,014,888,735",635,1,40,126,349,10/20/21
,Calvin Harris,"15,605,214,486","382,074,757",217,2,28,81,172,10/26/21
,Daddy Yankee,"15,143,793,520","4,712,083,614",344,3,38,85,198,10/26/21
,Sam Smith,"14,581,741,572","19,126,342",138,3,29,77,125,10/27/21
,Bruno Mars,"14,489,532,187","3,312,168,682",71,4,28,52,66,10/26/21
,Queen,"13,986,777,251","28,246,314",558,3,23,87,394,10/27/21
,Kendrick Lamar,"13,947,078,579","7,517,310,754",102,1,30,90,96,10/26/21
,The Chainsmokers,"13,937,995,313","370,971,846",173,3,23,72,148,10/20/21
,Beyoncé,"13,065,520,182","1,836,227,079",339,1,30,149,244,10/27/21
,Chris Brown,"13,037,977,598","6,980,679,955",392,0,35,182,320,10/26/21
,One Direction,"12,945,221,857","909,574",124,0,38,99,116,10/23/21
,Future,"12,909,204,408","7,687,676,233",456,1,25,197,332,10/14/21
,Sia,"12,843,164,762","2,761,327,001",312,3,26,103,222,10/26/21
,Nicki Minaj,"12,809,731,664","9,906,149,817",160,1,31,112,153,10/26/21
,Lady Gaga,"12,449,838,863","82,847,387",305,1,26,103,182,10/27/21
,Halsey,"12,389,975,773","2,088,268,437",152,3,23,84,124,10/26/21
,Selena Gomez,"12,325,147,769","1,855,281,103",134,3,22,76,120,10/27/21
,J. Cole,"12,145,264,081","2,756,317,182",150,1,32,106,133,10/26/21
,Anuel AA,"11,627,785,114","3,965,220,194",135,0,29,107,127,10/26/21
,The Beatles,"11,552,397,220",0,780,0,28,169,413,10/26/21
,Maluma,"11,500,623,196","5,176,114,737",179,0,31,115,171,10/26/21
,Twenty One Pilots,"11,447,565,488",0,83,3,32,72,82,10/26/21
,Kygo,"11,195,604,536","1,037,463,874",100,1,27,82,99,10/19/21
,Marshmello,"11,082,528,797","482,822,182",140,4,17,83,130,10/11/21
,Linkin Park,"10,996,894,270","43,644,400",348,1,26,105,275,10/27/21
,Avicii,"10,992,283,976","475,842,251",249,1,17,86,157,10/20/21
,Lil Uzi Vert,"10,854,567,333","5,190,507,725",127,1,28,112,126,10/19/21
,Katy Perry,"10,603,401,568","1,054,717,536",180,0,28,80,138,10/08/21
,Adele,"10,166,812,782","28,337,409",59,2,22,46,58,10/26/21
,Camila Cabello,"9,923,357,371","1,976,655,248",54,2,23,40,49,10/26/21
,Farruko,"9,809,443,824","5,738,806,758",329,0,28,110,256,10/19/21
,Lana Del Rey,"9,758,916,409","609,707,496",159,0,25,104,146,10/27/21
,Jason Derulo,"9,727,041,153","577,909,393",189,0,25,63,128,10/14/21
,Red Hot Chili Peppers,"9,121,142,832","3,104,398",246,0,15,110,199,10/26/21
,Nicky Jam,"9,110,416,354","7,985,255,132",229,0,27,87,146,10/20/21
,Shakira,"8,813,536,350","990,765,949",228,0,21,83,191,10/27/21
,Arctic Monkeys,"8,796,853,542","2,212,612",133,1,16,85,133,10/26/21
,Demi Lovato,"8,701,594,978","1,225,188,619",214,0,20,75,168,10/27/21
,Martin Garrix,"8,295,382,362","77,399,606",180,1,16,76,144,09/06/21
,G-Eazy,"8,163,368,106","2,149,396,973",224,0,15,110,198,10/14/21
,Miley Cyrus,"8,152,244,686","587,148,484",175,0,14,82,153,10/26/21
,Major Lazer,"8,138,417,855","556,343,421",259,3,14,64,169,10/17/21
,OneRepublic,"8,132,963,704","199,707,696",142,1,24,70,125,10/26/21
,Michael Jackson,"8,115,270,851","497,930,262",339,0,21,88,233,10/27/21
,Panic! At The Disco,"8,101,877,704","594,932,498",136,1,20,79,128,10/15/21
,Rauw Alejandro,"8,085,933,637","1,420,644,512",162,0,25,83,126,10/26/21
,Pitbull,"7,962,726,776","2,322,288,434",385,0,20,80,206,10/08/21
,Ellie Goulding,"7,890,379,435","624,183,397",165,1,16,67,131,10/26/21
,Harry Styles,"7,880,935,957",0,25,1,22,24,24,10/27/21
,Cardi B,"7,853,558,897","5,618,764,888",65,1,16,48,62,10/26/21
,Charlie Puth,"7,803,121,924","201,236,975",97,3,11,52,84,10/26/21
,KAROL G,"7,792,415,901","473,813,673",77,1,22,52,73,10/27/21
,Lil Wayne,"7,707,133,991","12,104,409,604",465,0,18,108,295,10/22/21
,Wiz Khalifa,"7,686,313,302","5,907,761,859",391,1,19,103,284,10/22/21
,Sebastian Yatra,"7,669,685,705","1,538,456,140",99,0,26,71,91,09/17/21
,DaBaby,"7,539,742,319","3,923,121,358",130,2,14,74,116,10/26/21
,Young Thug,"7,469,230,961","7,873,778,787",351,0,17,118,214,10/26/21
,Logic,"7,397,161,521","1,731,062,142",163,1,13,120,161,10/14/21
,Migos,"7,394,547,322","3,120,060,669",278,0,15,80,180,10/26/21
,Alan Walker,"7,354,379,758","1,616,399,695",136,1,16,60,106,10/15/21
,Fall Out Boy,"7,314,691,965","35,304,467",191,0,15,92,164,09/20/21
,21 Savage,"7,288,664,520","4,617,819,356",151,0,17,80,121,10/14/21
,Diplo,"7,275,258,857","1,460,536,064",354,0,21,80,191,09/04/21
,Tyga,"7,256,815,235","3,382,667,833",294,1,19,97,249,09/04/21
,John Mayer,"7,228,614,149","452,082,748",196,0,15,113,171,10/26/21
,Metallica,"7,209,730,252","2,914,807",809,0,13,97,266,10/24/21
,Lil Baby,"7,160,254,381","6,462,342,461",164,0,16,104,152,10/26/21
,Sech,"7,135,011,726","2,332,284,915",114,0,21,60,100,10/02/21
,Macklemore,"7,067,430,446","78,759,240",100,1,13,58,92,10/19/21
,P!nk,"7,057,862,619","521,685,684",236,0,20,78,158,10/26/21
,ZAYN,"7,036,958,669","222,996,833",85,2,14,63,84,10/27/21
,DJ Snake,"7,000,580,472","1,823,325,367",139,2,10,48,97,10/21/21
,Mac Miller,"6,993,863,353","579,388,672",207,0,16,112,188,10/21/21
,Lauv,"6,946,540,968","118,304,223",95,1,20,60,89,10/26/21
,Doja Cat,"6,930,130,213","1,241,026,052",79,0,18,56,71,10/27/21
,Pop Smoke,"6,929,061,751","687,915,177",97,0,16,78,96,10/27/21
,Zedd,"6,821,665,000","904,487,124",136,1,13,36,94,09/04/21
,Little Mix,"6,784,559,361","7,487,191",203,0,17,96,150,10/27/21
,AC/DC,"6,772,744,388",0,309,0,10,75,237,10/26/21
,Lil Peep,"6,760,560,850","270,363,730",92,0,17,80,92,10/27/21
,James Arthur,"6,758,910,383","65,832,362",122,1,13,52,106,10/10/21
,Myke Towers,"6,712,142,601","3,462,900,656",154,0,21,83,143,10/18/21
,5 Seconds of Summer,"6,520,228,093","473,348,202",158,1,12,89,155,10/25/21
,Trippie Redd,"6,519,856,675","2,500,444,366",184,0,20,113,170,10/25/21
,A$AP Rocky,"6,509,080,462","4,538,551,942",79,0,16,67,73,10/25/21
,A Boogie Wit da Hoodie,"6,507,153,143","2,655,408,268",119,0,15,95,118,10/27/21
,Kodak Black,"6,476,700,855","1,513,664,246",209,0,13,78,189,10/11/21
,Robin Schulz,"6,455,681,610","297,810,977",207,0,14,47,136,09/27/21
,NF,"6,349,101,124","118,422,041",81,1,14,81,81,10/20/21
,Justin Timberlake,"6,321,890,671","1,828,982,910",167,1,13,64,110,10/26/21
,Green Day,"6,233,126,460","438,373",357,0,12,75,293,10/24/21
,DJ Khaled,"6,226,921,541","174,180,481",165,1,12,55,120,10/14/21
,Frank Ocean,"6,203,684,203","1,970,067,254",45,0,20,45,45,10/23/21
,Zara Larsson,"6,175,774,645","474,795,155",83,2,12,42,77,10/23/21
,Romeo Santos,"6,145,602,110","986,293,143",107,0,18,74,100,09/09/21
,Metro Boomin,"6,141,985,883","186,001,242",118,0,14,72,92,09/20/21
,Clean Bandit,"6,134,437,801","22,410,137",147,2,9,35,111,09/23/21
,Bob Marley & The Wailers,"6,118,075,117","45,406,095",521,0,12,71,302,10/18/21
,Anne-Marie,"6,041,772,289","730,791,311",128,3,9,40,91,10/24/21
,Lil Nas X,"5,982,975,706","63,952,176",33,2,9,29,32,10/26/21
,Bebe Rexha,"5,953,231,712","3,553,166,331",110,2,12,51,89,10/26/21
,Tiësto,"5,939,391,588","1,054,455,192",600,0,13,73,278,10/17/21
,Enrique Iglesias,"5,928,105,876","310,418,709",278,0,13,68,172,10/20/21
,Lewis Capaldi,"5,912,732,113",0,49,2,9,28,42,10/22/21
,Elton John,"5,863,334,503","284,606,505",884,0,14,52,231,10/25/21
,Gunna,"5,854,152,412","3,702,728,047",154,0,9,88,141,10/21/21
,Luis Miguel,"5,843,409,566","1,119,450",312,0,12,108,264,10/26/21
,YoungBoy Never Broke Again,"5,811,336,423","973,880,130",314,0,6,148,291,10/24/21
,Pink Floyd,"5,801,524,186",0,432,0,11,92,256,10/18/21
,Black Eyed Peas,"5,778,665,375","65,627,266",208,0,13,41,122,10/26/21
,Luis Fonsi,"5,771,896,198","367,170,318",171,2,9,36,114,10/26/21
,BLACKPINK,"5,722,086,720","458,700,220",99,0,16,43,99,10/14/21
,blackbear,"5,721,416,033","1,209,608,993",156,0,8,93,136,08/18/21
,The Rolling Stones,"5,690,441,037","5,721,089","1,024",0,12,61,349,10/26/21
,Nirvana,"5,684,957,403","860,892",294,1,11,55,230,10/23/21
,Ty Dolla $ign,"5,651,128,814","9,189,211,823",180,0,14,72,150,10/09/21
,Flo Rida,"5,646,199,592","1,471,338,945",219,0,11,41,93,09/04/21
,JAY-Z,"5,569,179,401","4,712,212,487",303,0,10,70,228,10/26/21
,"Tyler, The Creator","5,559,951,579","1,086,907,482",153,0,14,90,109,10/27/21
,Fleetwood Mac,"5,545,213,336","503,756",766,0,10,42,225,10/24/21
,Michael Bublé,"5,526,815,306","266,489,211",220,0,15,84,180,10/12/21
,Olivia Rodrigo,"5,482,470,364","1,476,670",37,2,12,21,33,10/27/21
,Russ,"5,469,982,037","104,807,917",337,0,12,100,229,10/17/21
,Jonas Blue,"5,467,927,650","96,251,650",138,0,9,32,87,05/25/21
,Guns N' Roses,"5,446,373,969",0,134,1,10,44,105,10/25/21
,Machine Gun Kelly,"5,433,785,310","790,767,059",114,0,10,86,105,10/22/21
,Britney Spears,"5,410,161,329","519,923,710",290,0,13,55,171,10/27/21
,Bastille,"5,401,601,553","141,654,659",177,1,10,68,138,10/17/21
,Childish Gambino,"5,392,352,733","537,895,081",85,1,11,62,82,10/24/21
,SZA,"5,381,548,562","2,047,603,804",39,0,15,32,38,10/26/21
,Skrillex,"5,242,396,447","1,517,779,451",145,0,12,69,130,10/18/21
,Big Sean,"5,229,675,922","5,056,946,074",145,0,14,66,121,07/11/21
,Alessia Cara,"5,187,238,528","1,486,533,589",130,0,8,38,75,10/21/21
,$uicideboy$,"5,187,002,903","187,078,218",299,0,7,111,296,10/24/21
,Anitta,"5,174,047,289","1,129,048,664",150,0,18,75,137,10/27/21
,2Pac,"5,164,018,839","283,806,241",325,0,14,70,236,10/26/21
,Lorde,"5,108,826,446","264,858,796",53,0,17,37,49,10/26/21
,Usher,"5,087,009,423","2,813,193,125",251,0,15,51,162,10/21/21
,Reik,"5,079,388,879","246,613,573",160,0,13,65,135,08/10/21
,Kid Cudi,"5,056,253,816","1,109,920,856",140,0,10,80,136,10/22/21
,David Bowie,"5,030,024,568","28,413,224","1,196",0,11,58,288,10/21/21
,Camilo,"5,024,372,492","695,049,579",37,0,17,33,34,10/26/21
,Gorillaz,"5,016,117,891","1,215,496",279,0,7,89,193,10/26/21
,50 Cent,"5,014,099,658","2,222,183,543",213,0,12,56,141,10/26/21
,Hozier,"4,966,750,329","5,256,898",61,1,13,40,60,10/23/21
,Becky G,"4,913,027,392","1,195,056,750",88,0,11,48,86,10/25/21
,French Montana,"4,873,054,883","3,046,541,784",555,1,11,50,128,05/26/21
,The Killers,"4,872,558,331","281,441",206,1,8,66,136,10/26/21
,Foo Fighters,"4,835,794,046","1,893,648",236,0,11,73,160,10/24/21
,Meek Mill,"4,813,205,731","1,803,089,245",438,0,7,86,188,10/26/21
,blink-182,"4,800,127,857","52,106,914",185,0,10,83,172,10/23/21
,Tory Lanez,"4,792,221,603","2,099,200,775",216,0,13,76,183,09/24/21
,Mariah Carey,"4,784,080,232","324,017,908",632,0,10,63,227,10/26/21
,Banda MS de Sergio Lizárraga,"4,767,048,535","1,067,799",208,0,13,86,185,07/29/21
,John Legend,"4,730,118,734","2,185,090,347",243,1,6,60,182,10/26/21
,U2,"4,728,586,773","258,604,699",500,0,7,74,293,10/26/21
,Meghan Trainor,"4,690,571,692","922,554,589",135,0,10,52,102,10/25/21
,Daft Punk,"4,682,411,741","2,903,060,511",181,0,9,74,134,10/05/21
,Led Zeppelin,"4,679,053,022","97,528",239,0,11,62,186,10/25/21
,Rae Sremmurd,"4,667,478,950","505,975,065",60,0,12,41,59,10/06/21
,Rita Ora,"4,643,126,458","659,646,235",125,0,12,37,81,10/26/21
,6ix9ine,"4,634,144,273","1,014,662,616",58,0,16,36,53,10/24/21
,The 1975,"4,595,551,924","136,572,865",132,0,10,75,129,10/24/21
,Gucci Mane,"4,585,783,915","4,640,030,214","2,175",0,5,74,292,09/17/21
,Mumford & Sons,"4,581,748,564","14,628,830",121,0,8,66,109,09/16/21
,Ava Max,"4,563,491,663","178,481,720",95,1,11,32,65,10/26/21
,Manuel Turizo,"4,561,050,167","1,972,111,153",56,0,15,40,56,10/12/21
,Marília Mendonça,"4,534,734,379","1,163,206,310",112,0,12,79,101,10/25/21
,Luke Combs,"4,503,847,693","122,702,931",55,0,10,53,55,09/20/21
,System Of A Down,"4,473,086,419","415,124",83,0,9,67,78,10/26/21
,Jack Johnson,"4,464,351,377","26,277,507",180,0,6,76,164,10/01/21
,Muse,"4,455,655,051",0,242,0,10,81,175,10/22/21
,Elvis Presley,"4,450,478,560","4,944,379","2,158",0,8,67,345,10/22/21
,Radiohead,"4,447,073,294","1,587,812",221,0,6,85,195,10/18/21
,The Neighbourhood,"4,437,489,439","320,051",90,1,7,60,89,09/29/21
,Polo G,"4,416,313,925","1,161,988,394",60,0,11,58,60,10/18/21
,Roddy Ricch,"4,406,550,774","2,685,470,499",39,1,12,31,38,09/20/21
,Bazzi,"4,391,026,336","58,360,988",37,0,12,32,37,10/08/21
,Hailee Steinfeld,"4,390,178,914","592,323,092",29,0,10,18,27,10/20/21
,Swae Lee,"4,373,135,949","4,988,467,269",57,1,10,29,54,09/22/21
,Snoop Dogg,"4,353,041,177","5,261,975,222",686,0,9,54,243,10/08/21
,The Notorious B.I.G.,"4,346,420,469","569,759,727",153,0,10,50,109,10/24/21
,Jorge & Mateus,"4,324,297,522","956,104,294",253,0,8,87,239,10/20/21
,Jhay Cortez,"4,314,937,928","651,220,413",77,1,7,38,74,10/26/21
,Jess Glynne,"4,272,116,082","450,111,397",83,0,10,32,60,10/15/21
,Paramore,"4,229,680,694",0,113,0,9,66,99,10/26/21
,Cheat Codes,"4,227,024,364","277,260,117",141,0,7,38,84,10/23/21
,The Kid LAROI,"4,224,777,617","603,174,787",48,0,12,37,46,10/25/21
,Felix Jaehn,"4,220,719,529","227,877,670",156,1,11,33,88,09/04/21
,Frank Sinatra,"4,203,662,945","54,954,665","1,860",0,9,69,299,06/25/21
,Troye Sivan,"4,188,590,220","778,759,930",100,0,10,51,82,10/22/21
,Joji,"4,184,959,982","597,650,268",50,0,13,40,50,10/14/21
,Disclosure,"4,184,709,087","23,287,083",181,0,7,52,119,10/18/21
,Fifth Harmony,"4,172,298,096","245,961,734",75,1,7,46,74,10/25/21
,Julia Michaels,"4,167,842,016","1,499,927,798",64,0,7,34,61,10/22/21
,Christina Aguilera,"4,159,271,147","2,227,733,017",264,0,8,51,158,10/03/21
,Oasis,"4,153,515,411",0,220,1,6,47,170,10/25/21
,Slipknot,"4,143,831,674",0,205,0,7,64,172,10/19/21
,Don Omar,"4,130,968,373","1,636,264,718",229,0,12,49,116,10/15/21
,Bon Jovi,"4,102,294,311","1,227,367",322,0,9,35,172,10/26/21
,Chance the Rapper,"4,086,189,331","3,879,522,975",101,0,11,46,84,10/11/21
,Florida Georgia Line,"4,075,078,150","2,231,147,781",113,0,12,64,97,09/25/21
,Dalex,"4,055,219,773","1,148,930,463",110,0,11,42,85,10/17/21
,Tame Impala,"4,041,219,572","135,563,404",94,0,8,55,82,10/18/21
,Tove Lo,"4,038,233,092","1,266,147,479",135,0,6,58,103,10/24/21
,Alicia Keys,"3,998,762,725","1,118,372,033",223,0,7,53,161,10/26/21
,The Lumineers,"3,983,713,331",0,72,0,8,47,66,09/23/21
,Kings of Leon,"3,983,550,315",0,121,0,5,64,106,09/06/21
,Luke Bryan,"3,976,979,274","367,135,310",158,0,12,62,130,09/16/21
,The Script,"3,976,071,334","1,281,985",94,0,7,50,84,10/17/21
,Zion & Lennox,"3,972,787,863","2,664,955,655",156,0,11,44,87,10/15/21
,Five Finger Death Punch,"3,970,173,481",0,136,0,8,88,132,10/09/21
,Melanie Martinez,"3,949,931,247","2,827,851",55,0,13,42,54,10/27/21
,Alesso,"3,931,582,409","155,730,188",113,0,9,36,84,10/23/21
,6LACK,"3,929,222,178","731,124,680",74,0,10,59,74,10/11/21
,Natti Natasha,"3,913,719,738","1,627,663,373",73,0,9,41,62,10/25/21
,Jason Mraz,"3,901,732,390","88,467,014",233,1,5,45,152,09/02/21
,Megan Thee Stallion,"3,898,422,693","880,735,199",94,0,10,40,74,10/27/21
,Florence + The Machine,"3,894,016,842","211,529",133,0,8,74,123,10/15/21
,Glee Cast,"3,863,044,030",0,723,0,0,89,596,09/24/21
,Lil Pump,"3,857,197,872","466,916,581",54,0,10,38,53,10/23/21
,Christian Nodal,"3,853,792,612","295,574,117",58,0,11,47,58,10/20/21
,Galantis,"3,848,020,699","72,466,143",224,0,8,45,142,10/25/21
,Paulo Londra,"3,846,823,034","90,685,530",28,0,12,28,28,07/05/21
,Nickelback,"3,809,175,661",0,148,0,12,53,104,10/18/21
,Justin Quiles,"3,796,788,470","3,301,910,411",155,0,10,60,120,09/25/21
,Playboi Carti,"3,794,635,950","1,432,064,162",82,0,8,62,71,10/27/21
,Creedence Clearwater Revival,"3,782,765,839",0,131,0,8,32,105,10/13/21
,Bruce Springsteen,"3,779,676,273","31,928,542",769,0,9,50,368,10/20/21
,Madonna,"3,764,091,733","119,722,317",705,0,7,64,310,10/27/21
,Kehlani,"3,762,754,495","1,827,711,791",110,0,9,70,96,10/19/21
,Ne-Yo,"3,761,944,355","1,793,601,060",188,0,10,32,128,10/06/21
,Bryson Tiller,"3,738,686,164","1,721,468,453",61,0,7,47,59,10/24/21
,Whitney Houston,"3,736,199,752","11,031,150",291,0,7,35,137,10/26/21
,Rammstein,"3,731,710,963",0,228,0,9,73,169,10/23/21
,Capital Bra,"3,727,177,405","585,566,255",233,0,7,78,180,10/11/21
,Kane Brown,"3,722,088,164","22,813,517",91,0,9,52,82,10/17/21
,Niall Horan,"3,721,601,976","325,106,768",70,0,9,38,64,10/09/21
,Zé Neto & Cristiano,"3,712,875,164","420,683,112",162,0,10,71,137,10/20/21
,ABBA,"3,702,965,066","25,684",152,0,9,47,128,10/18/21
,Gusttavo Lima,"3,694,316,805","709,385,086",266,0,5,90,202,10/20/21
,Alok,"3,688,679,599","212,353,463",175,0,11,59,104,10/21/21
,Piso 21,"3,685,044,883","54,983,912",74,0,11,27,60,05/26/21
,My Chemical Romance,"3,675,537,307",0,135,0,8,52,114,10/19/21
,Arcangel,"3,641,806,324","4,163,519,474",273,0,7,54,178,10/12/21
,NAV,"3,636,987,090","1,740,497,767",113,0,10,67,113,10/27/21
,Morat,"3,612,911,625","342,122,900",70,0,7,55,66,10/26/21
,Lenny Tavárez,"3,602,268,753","2,986,366,334",84,0,9,42,78,10/19/21
,Bring Me The Horizon,"3,598,615,867","637,221",134,0,10,62,121,10/19/21
,James Bay,"3,594,179,080","3,910,938",75,0,7,40,66,10/14/21
,Thomas Rhett,"3,570,841,348","196,189,924",93,0,13,50,93,09/28/21
,Labrinth,"3,567,683,826","326,316,513",125,0,10,37,90,06/03/21
,Vance Joy,"3,560,343,487",0,69,1,6,34,53,10/07/21
,YG,"3,551,013,571","2,246,418,959",194,0,8,63,130,09/03/21
,Henrique & Juliano,"3,549,520,949","688,545,267",148,0,8,93,141,08/31/21
,Jonas Brothers,"3,530,341,248","456,924,413",93,0,8,35,86,09/22/21
,Kelly Clarkson,"3,522,560,159","193,380,308",322,0,8,40,138,10/27/21
,Wisin,"3,520,148,199","4,992,869,607",114,0,10,38,95,10/12/21
,Disturbed,"3,507,099,735","1,976,285",170,0,6,65,144,09/16/21
,Aerosmith,"3,500,995,544",0,281,0,8,29,146,10/20/21
,Kevin Gates,"3,495,948,086","546,381,469",266,0,4,92,206,05/07/21
,Jennifer Lopez,"3,492,249,241","960,084,793",227,0,8,46,117,10/26/21
,Ryan Lewis,"3,486,320,761",0,33,1,6,28,32,06/04/21
,Avril Lavigne,"3,481,708,412","18,272,625",133,0,9,51,100,10/26/21
,Flume,"3,477,893,543","72,525,427",125,0,7,51,117,09/07/21
,Lil Skies,"3,445,093,149","709,788,156",51,0,7,44,51,10/18/21
,Amy Winehouse,"3,433,255,885","211,101,801",157,0,7,50,90,10/26/21
,Stevie Wonder,"3,396,794,575","233,950,935",582,0,8,45,147,08/29/21
,Tones And I,"3,391,620,905",0,29,1,4,13,18,10/15/21
,TWICE,"3,390,358,761","27,165,014",177,0,9,67,156,10/26/21
,Miguel,"3,369,113,836","1,902,566,777",136,0,5,46,109,09/03/21
,Hans Zimmer,"3,368,679,488","70,151,456","1,422",0,3,72,475,09/26/21
,Backstreet Boys,"3,342,219,888","160,510,228",133,0,8,38,123,10/26/21
,YNW Melly,"3,330,592,777","301,701,697",80,0,9,31,76,09/14/21
,Alejandro Fernández,"3,328,449,536","266,300,006",289,0,6,62,211,08/05/21
,Morgan Wallen,"3,326,026,761","332,071,191",56,0,10,55,56,10/20/21
,Fetty Wap,"3,321,899,161","1,492,928,236",118,0,7,36,69,01/07/21
,Sean Paul,"3,304,701,344","3,146,217,843",373,0,10,36,128,01/05/21
,Maná,"3,282,870,220","42,453,047",213,0,10,49,145,10/01/21
,Wisin & Yandel,"3,270,926,458","899,916,309",288,0,10,47,130,10/11/21
,Kesha,"3,266,045,467","1,655,107,054",138,0,8,38,102,10/26/21
,Yandel,"3,252,007,610","2,319,895,199",173,0,8,51,140,09/28/21
,Steve Aoki,"3,228,090,914","1,297,146,988",389,0,6,60,202,10/17/21
,Jeremih,"3,211,536,876","2,897,368,856",123,0,8,33,91,09/19/21
,Dr. Dre,"3,198,481,391","1,794,542,559",85,0,7,29,77,08/26/21
,Prince Royce,"3,197,914,038","1,250,251,740",122,0,8,52,112,10/10/21
,Lil Tjay,"3,187,332,730","1,505,787,230",61,0,8,44,60,10/27/21
,Three Days Grace,"3,181,987,439","589,876",84,0,8,55,82,10/26/21
,Phil Collins,"3,161,779,013","96,322,815",336,0,8,35,141,09/30/21
,Jason Aldean,"3,160,575,778","130,809,620",137,0,8,58,132,09/16/21
,Why Don't We,"3,153,762,831","86,038,587",92,0,10,53,82,08/08/21
,Seeb,"3,148,225,045","13,599,416",85,1,6,24,56,01/04/21
,Lil Tecca,"3,144,962,075","232,001,931",72,0,7,34,68,10/13/21
,Akon,"3,138,818,995","2,853,016,803",200,0,8,34,111,10/26/21
,Lil Mosey,"3,135,692,727","405,632,040",44,0,5,33,44,10/26/21
,George Ezra,"3,134,491,990","35,557",59,0,6,34,52,09/03/21
,Dan + Shay,"3,122,596,000","22,294,018",71,0,7,39,63,09/23/21
,Wesley Safadão,"3,121,201,802","555,937,674",267,0,4,54,244,10/18/21
,Jessie J,"3,107,842,052","57,987,616",119,0,6,32,95,10/22/21
,Billy Joel,"3,105,424,953","7,566,488",408,0,9,35,131,09/21/21
,Eagles,"3,104,628,533",0,193,0,5,36,114,10/13/21
,Pearl Jam,"3,089,500,881","1,253,096",399,0,7,47,226,03/19/21
,Trey Songz,"3,085,673,694","1,279,408,964",266,0,5,56,181,10/26/21
,benny blanco,"3,068,690,475","13,896,521",21,1,6,12,17,09/28/21
,Johnny Cash,"3,068,093,371","100,275,517","1,561",0,6,47,219,01/04/21
,Passenger,"3,047,211,461","1,798,813",216,1,2,44,177,09/29/21
,CNCO,"3,040,075,968","217,955,421",78,0,5,42,68,10/27/21
,The Strokes,"3,035,560,945","2,116,233",82,0,6,63,73,10/10/21
,Mark Ronson,"3,027,553,085","1,089,189,281",151,1,4,23,82,10/19/21
,Lin-Manuel Miranda,"3,014,041,417","189,578,224",85,0,9,37,59,08/16/21
,Lukas Graham,"3,005,994,250","158,206,429",60,1,3,25,49,09/21/21
,Avenged Sevenfold,"2,994,656,347","1,889,849",164,0,8,59,129,07/01/21
,Céline Dion,"2,991,751,318","43,840,990",493,0,4,52,239,10/26/21
,Lizzo,"2,984,561,772","49,148,791",64,0,6,25,48,10/11/21
,The Offspring,"2,981,916,869",0,160,0,7,41,122,08/19/21
,Nio Garcia,"2,979,010,114","102,148,941",116,0,7,24,84,09/03/21
,Ricky Martin,"2,976,218,522","389,395,680",266,0,6,48,131,10/24/21
,Matheus & Kauan,"2,969,746,466","551,195,947",160,0,7,68,141,07/08/21
,Train,"2,953,135,246",0,170,0,6,20,83,10/09/21
,2 Chainz,"2,952,016,003","7,707,211,391",391,0,7,48,156,06/03/21
,Aventura,"2,938,863,725","271,684",132,0,10,37,106,10/12/21
,Jul,"2,924,029,986","774,340,164",522,0,0,63,495,10/27/21
,Foster The People,"2,914,530,104","28,653,784",90,1,6,36,68,09/03/21
,Bob Dylan,"2,907,341,173","190,548","1,302",0,6,41,302,10/08/21
,Pablo Alborán,"2,897,818,669","196,248,508",167,0,8,58,156,10/23/21
,Ricardo Arjona,"2,895,999,257","7,840,502",337,0,2,67,258,09/03/21
,Cartel De Santa,"2,895,653,248","167,710,793",136,0,5,60,125,10/24/21
,24kGoldn,"2,887,437,854","118,073,681",52,1,6,18,45,10/04/21
,H.E.R.,"2,885,139,784","359,387,030",97,0,6,47,91,10/11/21
,ScHoolboy Q,"2,878,619,690","1,304,426,537",103,0,7,50,98,01/19/21
,James Blunt,"2,858,174,256","16,816,870",160,0,6,42,103,10/09/21
,Daniel Caesar,"2,844,617,347","961,532,352",36,0,6,32,35,10/17/21
,Rudimental,"2,844,040,533","19,915,054",188,0,6,30,112,08/28/21
,Pentatonix,"2,825,904,306","3,644,612",185,0,2,87,161,09/13/21
,Marc Anthony,"2,814,469,761","1,516,100,682",187,0,5,53,131,09/02/21
,Duki,"2,813,958,791","716,396,186",123,0,5,46,111,10/27/21
,Lil Yachty,"2,812,612,985","3,985,655,389",175,0,6,50,146,10/25/21
,Macklemore & Ryan Lewis,"2,803,083,548",0,35,1,5,18,35,01/02/21
,Armin van Buuren,"2,795,922,270","189,205,318","2,179",0,4,43,288,09/04/21
,Jack Harlow,"2,792,803,712","198,029,025",81,0,6,23,75,10/27/21
,Alejandro Sanz,"2,760,377,767","459,738,027",362,0,5,49,195,04/30/21
,Bon Iver,"2,756,547,170","743,238,757",59,0,5,47,55,08/07/21
,Liam Payne,"2,748,327,107","16,355,477",51,0,7,16,39,10/27/21
,Sam Hunt,"2,747,992,556","16,649,604",59,0,7,31,54,09/03/21
,Dire Straits,"2,745,386,315","1,066,153",100,0,5,38,95,10/14/21
,Sigala,"2,741,489,245","49,758,671",100,0,9,28,67,10/18/21
,Bryan Adams,"2,714,849,291","128,622,453",350,0,6,32,122,10/14/21
,Nelly,"2,694,849,952","614,589,784",208,0,7,27,89,10/05/21
,Calibre 50,"2,693,994,107","68,199,894",226,0,2,63,163,09/29/21
,Ski Mask The Slump God,"2,693,903,857","925,373,173",70,0,7,39,69,10/24/21
,Quavo,"2,690,677,555","9,212,851,385",77,0,5,43,63,10/24/21
,Offset,"2,686,635,257","5,014,465,657",45,0,7,28,34,09/08/21
,Blake Shelton,"2,673,339,567","203,985,620",197,0,7,40,124,10/26/21
,Zac Brown Band,"2,665,284,207","9,980,501",135,0,5,45,105,09/16/21
,Dean Lewis,"2,664,770,895","1,590,904",37,1,6,21,34,10/05/21
,Bee Gees,"2,664,394,993","49,322,664",447,0,5,32,104,10/27/21
,BROCKHAMPTON,"2,664,137,176",0,112,0,4,67,106,09/26/21
,Jhené Aiko,"2,661,065,549","2,292,555,199",113,0,7,62,90,10/25/21
,Don Toliver,"2,658,293,736","525,920,094",66,0,5,23,58,10/14/21
,Jeremy Zucker,"2,657,586,274","132,164,307",96,0,6,32,81,10/24/21
,The Vamps,"2,656,516,116",0,148,0,8,33,114,10/18/21
,Carlos Vives,"2,634,973,119","187,400,087",253,0,5,33,138,10/11/21
,LANY,"2,632,975,533","254,183,100",77,0,7,52,76,10/18/21
,PARTYNEXTDOOR,"2,612,063,990","1,653,897,950",78,0,8,45,77,08/01/21
,The Black Keys,"2,610,642,075",0,151,0,5,48,135,09/25/21
,Charli XCX,"2,608,545,382","1,243,522,116",189,0,7,41,128,10/20/21
,Mike Posner,"2,606,726,952","261,138,704",179,1,3,19,67,09/03/21
,R3HAB,"2,599,363,557","1,031,797,301",278,0,3,60,177,04/01/21
,Skillet,"2,578,135,156",0,184,0,7,43,108,10/18/21
,Ninho,"2,575,029,540","1,180,632,700",129,0,2,84,110,08/26/21
,Danny Ocean,"2,574,453,620","159,628,188",46,1,4,20,30,10/26/21
,Birdy,"2,568,586,585","80,561,054",102,0,7,38,85,10/27/21
,The Police,"2,552,546,470","63,893",124,0,4,17,83,09/27/21
,Lil Durk,"2,549,445,798","1,769,149,190",301,0,2,45,213,10/12/21
,Marvin Gaye,"2,542,567,834","31,697,491",725,0,6,23,103,06/14/21
,ILLENIUM,"2,530,287,130","138,316,438",195,0,4,51,138,08/24/21
,Iron Maiden,"2,530,239,475","47,269",410,0,5,42,254,10/17/21
,Boyce Avenue,"2,527,510,203","172,556",414,0,0,59,325,03/09/21
,Lost Frequencies,"2,526,122,879","249,791,580",343,0,6,26,105,09/16/21
,T.I.,"2,505,264,423","2,375,139,213",452,0,6,37,199,10/11/21
,Maren Morris,"2,500,709,904","479,019,629",58,1,5,22,48,10/11/21
,The Doors,"2,495,672,622","21,036,766",699,0,7,43,133,10/13/21
,Carly Rae Jepsen,"2,493,120,951","59,616,218",137,0,5,31,97,10/20/21
,Bradley Cooper,"2,487,634,968","359,924",12,1,4,10,10,10/26/21
,Tim McGraw,"2,487,273,067","57,458,469",265,0,5,50,125,09/04/21
,Arijit Singh,"2,485,772,117","559,597,585",460,0,1,63,205,10/22/21
,Rise Against,"2,477,579,916","2,529",171,0,4,46,157,06/30/21
,John Williams,"2,473,267,821","12,238,904","2,125",0,2,27,321,04/25/21
,A$AP Ferg,"2,470,622,318","1,089,570,780",95,0,5,45,88,08/25/21
,Soda Stereo,"2,466,487,967","7,876",198,0,4,44,172,10/23/21
,Bibi Blocksberg,"2,454,680,653","76,626","5,166",0,0,1,367,10/09/21
,Juanes,"2,454,384,110","652,732,835",202,0,7,33,113,08/21/21
,Iggy Azalea,"2,453,113,075","999,892,506",95,0,7,26,65,08/01/21
,Mau y Ricky,"2,449,094,717","232,947,793",60,0,5,30,57,10/26/21
,Glass Animals,"2,446,863,235","3,077,354",92,0,4,38,74,09/20/21
,SAINt JHN,"2,446,549,724","113,874,585",54,1,1,30,52,10/25/21
,RAF Camora,"2,440,089,380","908,258,830",332,0,3,56,136,10/25/21
,Madison Beer,"2,433,922,497","119,201,973",52,0,10,26,45,10/24/21
,Chris Stapleton,"2,433,659,229","512,003,676",60,0,7,43,57,10/25/21
,alt-J,"2,432,389,757","748,988",133,0,6,36,84,02/07/21
,Mabel,"2,431,744,282","6,630,941",120,0,6,20,70,10/26/21
,Cage The Elephant,"2,419,280,961",0,107,0,5,36,82,07/05/21
,Anderson .Paak,"2,415,457,496","1,018,847,607",139,0,2,58,106,09/08/21
,Weezer,"2,410,637,605","4,330,558",252,0,4,41,186,09/11/21
,Lunay,"2,399,170,007","732,417,102",52,0,6,27,47,10/23/21
,Alec Benjamin,"2,398,141,593","1,151,623",31,0,5,27,30,08/09/21
,Nick Jonas,"2,391,622,288","49,934,337",95,0,8,26,73,10/12/21
,Noah Cyrus,"2,391,075,192","109,833,231",64,0,5,26,56,10/25/21
,The Cure,"2,386,064,850","1,105,177",516,0,5,23,164,10/17/21
,Hillsong Worship,"2,382,405,691","13,420,180",830,0,1,59,273,04/17/21
,Journey,"2,379,474,809","3,468",260,1,5,17,82,09/04/21
,Kenny Chesney,"2,379,335,824","130,548,443",277,0,3,48,178,09/16/21
,Eric Church,"2,378,969,879","249,659,793",249,0,4,48,115,09/16/21
,La Arrolladora Banda El Limón De Rene Camacho,"2,377,937,424","8,659,502",323,0,3,56,219,03/29/21
,Los Ángeles Azules,"2,372,052,568","67,465,206",311,0,5,53,113,10/19/21
,ROSALÍA,"2,367,422,261","1,499,635,681",36,0,5,26,36,10/26/21
,Calum Scott,"2,366,671,092","29,199,387",58,0,5,19,48,10/18/21
,Norah Jones,"2,366,368,088","115,861,106",264,0,4,54,138,10/27/21
,Rex Orange County,"2,362,465,362","278,794,678",46,0,6,31,38,07/05/21
,Destiny's Child,"2,355,095,878","16,265,122",168,0,7,18,83,10/26/21
,EXO,"2,338,093,592",0,310,0,6,52,157,10/27/21
,MAGIC!,"2,336,632,865","192,399,336",66,0,3,17,53,01/13/21
,The xx,"2,334,576,947","7,809,950",75,0,5,36,65,08/23/21
,Jesse & Joy,"2,327,035,278","301,776,120",106,0,9,35,86,10/11/21
,Normani,"2,320,192,298","96,243,851",14,0,3,12,14,10/26/21
,Sam Feldt,"2,316,428,982","278,689,842",148,0,4,44,101,04/22/21
,JP Cooper,"2,313,756,992","41,450,367",110,0,4,26,78,03/29/21
,Simon & Garfunkel,"2,313,385,499",0,172,0,5,24,119,10/18/21
,Paul McCartney,"2,312,172,585","360,534,463",822,0,3,24,163,10/24/21
,Jon Bellion,"2,309,740,533","295,021,535",85,0,3,44,80,09/21/21
,Depeche Mode,"2,307,763,422",0,623,0,3,39,257,10/26/21
,Os Barões Da Pisadinha,"2,298,872,012","45,953,136",144,0,6,61,118,10/20/21
,Juan Gabriel,"2,298,030,902","88,525,686",476,0,1,52,219,08/28/21
,Eric Clapton,"2,297,376,676","432,236,066",641,0,6,23,201,09/22/21
,iann dior,"2,296,968,920","162,741,711",45,0,5,27,42,03/30/21
,Kid Ink,"2,294,713,265","2,561,501,342",186,0,5,38,130,09/03/21
,Becky Hill,"2,289,419,718","25,614,697",164,0,7,21,64,10/20/21
,Conan Gray,"2,285,079,786",0,24,0,3,23,24,10/18/21
,X Ambassadors,"2,282,213,890","1,096,162,310",117,0,4,31,84,09/25/21
,Rich The Kid,"2,278,565,527","1,654,547,449",150,0,4,40,111,07/22/21
,MEDUZA,"2,278,364,238","9,103,231",45,0,4,10,28,10/26/21
,Maiara & Maraisa,"2,275,540,386","642,461,361",147,0,6,43,138,10/25/21
,Ufo361,"2,273,580,644","563,647,237",233,0,0,63,185,10/13/21
,Dimitri Vegas & Like Mike,"2,269,766,636","105,236,190",252,0,2,52,135,08/12/21
,Aminé,"2,267,361,394","135,565,474",60,0,4,37,59,10/03/21
,PNL,"2,258,890,802",0,72,0,1,64,72,10/16/21
,Måneskin,"2,246,766,625","2,773,937",31,0,4,24,29,10/26/21
,Grey,"2,237,009,771","17,803,531",52,1,2,7,21,03/29/21
,AJR,"2,229,775,743","92,176,747",86,0,5,35,61,10/13/21
,Summer Walker,"2,228,928,949","817,124,199",67,0,5,43,54,10/26/21
,KYLE,"2,221,095,540","142,308,083",102,0,4,29,84,10/26/21
,Outkast,"2,220,310,296","77,417,373",163,0,4,23,120,01/03/21
,Breaking Benjamin,"2,220,298,523","10,693,695",102,0,3,51,97,08/25/21
,The Beach Boys,"2,219,726,058","6,755,729","1,395",0,7,25,123,10/23/21
,Matoma,"2,218,870,898","286,156,543",113,0,5,29,76,05/14/21
,Korn,"2,218,697,801","7,219,257",282,0,4,42,187,06/18/21
,B.o.B,"2,216,408,358","1,126,272,007",417,0,6,22,79,10/13/21
,Hillsong UNITED,"2,213,882,439","117,014,211",345,0,2,55,221,07/06/21
,Sabrina Carpenter,"2,212,958,841","139,429,191",86,0,6,36,74,10/15/21
,NLE Choppa,"2,211,884,387","473,864,680",101,0,4,32,80,09/27/21
,Jimi Hendrix,"2,211,567,941","420,865",503,0,5,27,134,10/15/21
,R.E.M.,"2,206,985,274","270,936",682,0,5,18,123,10/17/21
,Imanbek,"2,202,218,740","17,589,546",49,1,1,15,35,10/09/21
,Jax Jones,"2,198,370,899","286,794,203",60,0,8,16,40,04/27/21
,The Game,"2,197,825,970","499,556,884",718,0,6,35,197,08/29/21
,Volbeat,"2,190,712,919","172,614",188,0,5,46,138,09/06/21
,Papa Roach,"2,186,301,108","29,615,688",219,0,3,33,136,04/03/21
,Rick Ross,"2,185,132,256","4,451,513,119",320,0,4,41,182,09/23/21
,MARINA,"2,181,316,239","6,334,639",110,0,4,50,86,10/26/21
,T-Pain,"2,174,064,184","2,648,920,275",209,0,6,28,108,10/25/21
,George Michael,"2,172,425,314","25,962,645",187,0,3,31,118,10/24/21
,DNCE,"2,154,397,216","288,985,200",31,1,4,17,30,09/03/21
,Robbie Williams,"2,150,770,809","18,579,742",395,0,5,36,189,10/20/21
,Bonez MC,"2,150,081,724","1,395,266,022",151,0,4,50,105,08/06/21
,Christina Perri,"2,145,930,404","60,118,995",76,0,3,15,50,06/22/21
,Rag'n'Bone Man,"2,139,559,897","71,286,582",129,0,3,27,76,10/14/21
,The Fray,"2,138,584,073","4,002,648",98,0,5,22,60,09/05/21
,Van Morrison,"2,137,718,521","71,743,471",842,0,4,19,123,10/23/21
,Years & Years,"2,136,276,288","71,667,883",87,0,7,28,65,07/18/21
,Juan Magán,"2,132,723,236","770,831,049",225,0,5,40,105,07/19/21
,Stormzy,"2,132,107,611","901,352,007",69,0,5,48,67,10/19/21
,Shinedown,"2,128,837,552",0,176,0,3,48,115,10/18/21
,Bizarrap,"2,122,821,288","363,308,367",76,0,5,46,73,10/19/21
,Ludovico Einaudi,"2,116,061,503","2,128,695",507,0,3,38,221,06/29/21
,bbno$,"2,100,709,994","205,064,285",143,0,1,35,111,10/26/21
,KHEA,"2,095,947,778","727,204,852",71,0,5,38,68,10/20/21
,Hollywood Undead,"2,089,253,005","12,917,755",138,0,3,66,124,10/24/21
,All Time Low,"2,076,356,282","909,165",209,0,2,46,158,08/31/21
,Lynyrd Skynyrd,"2,074,293,000","242,455",354,0,4,15,72,09/29/21
,Tate McRae,"2,066,435,093","3,080,396",38,0,5,21,36,10/27/21
,Rage Against The Machine,"2,062,437,666","444,029",109,0,3,29,78,10/14/21
,The Smiths,"2,054,724,322",0,143,0,5,41,106,10/18/21
,"Earth, Wind & Fire","2,049,724,576","74,980,903",419,0,3,19,64,09/01/21
,Of Monsters and Men,"2,044,333,886","2,899,928",54,0,5,28,52,08/24/21
,Axwell /\ Ingrosso,"2,043,412,175","2,161,352",47,0,4,17,38,07/03/21
,The Cranberries,"2,041,079,209","2,574,930",261,0,4,17,115,10/24/21
,Keith Urban,"2,036,902,059","292,307,127",188,0,6,34,109,09/02/21
,Aya Nakamura,"2,036,460,469","129,447,372",67,0,5,31,67,10/26/21
,A Day To Remember,"2,034,046,038",0,133,0,3,53,124,08/30/21
,Black Sabbath,"2,029,802,816","12,054,141",283,0,3,30,112,10/25/21
,TOTO,"2,027,598,148","2,940,202",394,1,3,10,75,06/20/21
,Rels B,"2,026,937,993","16,906,675",91,0,2,54,88,05/26/21
,Daryl Hall & John Oates,"2,022,631,743","25,605",538,0,4,12,60,09/26/21
,GIMS,"2,022,497,969","249,678,447",176,0,2,44,151,10/23/21
,Brytiago,"2,018,605,361","1,732,372,521",76,0,5,34,68,10/18/21
,Andy Grammer,"2,013,708,497","4,496,550",74,0,5,21,69,09/03/21
,Vicente Fernández,"2,011,298,442","79,252,787",831,0,0,43,283,08/26/21
,Kodaline,"1,999,983,259","261,805,631",122,0,4,31,83,09/29/21
,PnB Rock,"1,998,775,196","1,562,296,149",97,0,4,32,85,07/29/21
,Dermot Kennedy,"1,989,932,199",0,65,0,4,34,55,09/05/21
,Prince,"1,988,889,846","3,275,375",826,0,4,29,160,10/20/21
,The White Stripes,"1,982,166,424",0,172,0,3,18,108,09/11/21
,Scorpions,"1,980,827,575","1,628,754",344,0,5,16,139,06/21/21
,ODESZA,"1,980,615,898","114,604,652",157,0,2,48,124,09/04/21
,Melendi,"1,976,196,759","110,257,566",204,0,2,49,189,10/16/21
,Sfera Ebbasta,"1,974,482,472","989,902,006",81,0,0,56,80,10/25/21
,Milky Chance,"1,973,421,615","5,656,583",55,0,4,27,51,06/14/21
,Kali Uchis,"1,967,661,627","1,241,280,563",61,0,3,44,57,10/25/21
,Enya,"1,960,720,755","396,144,784",144,0,3,49,126,10/14/21
,Aretha Franklin,"1,958,068,431","12,274,388",917,0,4,27,129,10/17/21
,Sabaton,"1,953,615,847","984,475",258,0,0,63,150,10/21/21
,Carrie Underwood,"1,953,157,840","333,893,380",156,0,3,35,108,10/25/21
,Bibi und Tina,"1,951,141,273","22,746,305","3,428",0,0,1,354,10/09/21
,Mustard,"1,949,734,790","1,671,534,288",74,0,4,17,53,09/03/21
,Tainy,"1,946,553,010","1,251,603,662",39,0,3,13,29,10/01/21
,Evanescence,"1,944,915,713",0,108,0,3,26,90,10/27/21
,Pedro Capó,"1,944,751,418","125,128,429",69,0,3,11,41,07/25/21
,Rod Stewart,"1,944,279,343","415,547,570",719,0,4,36,205,10/14/21
,El Alfa,"1,936,293,752","394,695,018",171,0,5,35,110,07/17/21
,Van Halen,"1,935,463,127","23,824",188,0,4,24,108,08/09/21
,Damso,"1,933,936,144","568,054,565",91,0,1,68,88,10/25/21
,WALK THE MOON,"1,928,606,850","99,430,411",89,1,3,24,51,09/23/21
,C. Tangana,"1,928,570,636","136,741,854",77,0,5,41,75,10/26/21
,Shaggy,"1,925,456,469","446,282,356",409,0,5,21,94,09/02/21
,gnash,"1,915,854,995","271,054,469",76,1,2,23,60,09/03/21
,Nelly Furtado,"1,908,371,049","233,835,738",210,0,6,13,54,10/25/21
,Hardwell,"1,904,378,051","239,216,545",412,0,0,45,157,09/04/21
,Nacho,"1,903,774,637","122,958,940",110,0,6,24,52,10/26/21
,Don Diablo,"1,899,491,337","98,944,630",226,0,0,55,119,08/01/21
,Sublime,"1,894,724,388","113,822",211,0,3,26,109,06/22/21
,Marilyn Manson,"1,891,733,736","48,280,274",227,0,3,32,171,10/23/21
,Samra,"1,888,933,794","260,729,243",95,0,3,45,82,04/30/21
,Sum 41,"1,886,755,992","5,002,907",127,0,5,28,95,10/26/21
,Two Door Cinema Club,"1,875,524,020","1,802,459",135,0,4,29,88,10/01/21
,Carlos Rivera,"1,873,483,972","437,377,632",204,0,3,37,140,10/26/21
,George Strait,"1,870,035,343","25,674,534",444,0,2,42,191,09/02/21
,Mac DeMarco,"1,858,140,582","41,504,498",158,0,4,43,111,08/23/21
,3 Doors Down,"1,851,278,849","586,464",145,0,3,17,102,10/26/21
,Ozzy Osbourne,"1,848,640,050","53,688,768",213,0,3,22,120,10/06/21
,Ella Mai,"1,846,702,210","279,339,801",37,0,5,32,36,10/15/21
,Noriel,"1,845,205,637","1,190,362,093",85,0,4,36,79,10/08/21
,De La Ghetto,"1,839,686,676","2,016,862,956",146,0,4,34,88,09/11/21
,Jorja Smith,"1,835,734,619","394,177,118",68,0,4,38,62,10/05/21
,MGMT,"1,830,535,713","754,577,286",86,0,4,18,58,06/18/21
,Dave,"1,829,989,579","100,469,085",58,0,4,39,58,10/18/21
,Colbie Caillat,"1,825,164,259","100,772,650",105,0,3,17,89,09/02/21
,Fergie,"1,824,083,843","176,011,407",78,0,6,10,45,10/15/21
,RAYE,"1,821,061,221","522,503,205",82,0,4,20,51,10/23/21
,José José,"1,819,408,635","110,812,739",448,0,1,46,164,09/29/21
,Desiigner,"1,819,030,377","512,159,030",51,1,2,14,40,09/08/21
,R. Kelly,"1,818,765,772","369,434,506",360,0,2,27,195,09/02/21
,Bethel Music,"1,817,317,476",0,285,0,0,43,240,09/30/21
,Louis Tomlinson,"1,813,068,610","9,675,546",42,0,4,19,28,10/27/21
,Clairo,"1,808,849,595","603,319,044",25,0,7,25,25,10/22/21
,Cali Y El Dandee,"1,807,094,119","165,763,977",60,0,5,28,52,02/19/21
,Arizona Zervas,"1,805,159,677","11,365,330",30,1,2,14,29,10/11/21
,Rascal Flatts,"1,799,864,611","49,788,758",227,0,4,26,114,09/02/21
,Gotye,"1,788,466,941","4,367,557",56,0,2,9,25,02/07/21
,Stray Kids,"1,778,670,984","20,122,884",110,0,2,59,101,10/26/21
,Astrid S,"1,776,939,827","116,767,544",100,0,4,34,76,07/06/21
,Sido,"1,773,546,049","458,747,712",359,0,2,40,173,09/21/21
,Jaden,"1,771,986,347","1,294,841,613",110,0,2,37,93,10/22/21
,OMI,"1,765,777,327","119,271,377",43,1,2,7,26,10/16/21
,Red Velvet,"1,761,669,521","11,322,756",115,0,5,24,103,10/26/21
,MØ,"1,761,472,850","3,191,790,440",112,0,4,29,78,10/20/21
,MC Kevinho,"1,759,208,143","252,393,656",59,0,3,31,49,06/21/21
,Luan Santana,"1,758,174,745","223,252,045",196,0,2,36,149,10/23/21
,Vampire Weekend,"1,751,496,226",0,74,0,1,45,67,09/21/21
,The Smashing Pumpkins,"1,751,426,436",0,418,0,5,23,130,10/08/21
,Joyner Lucas,"1,747,515,348","651,141,507",83,0,3,32,76,09/22/21
,Ms. Lauryn Hill,"1,746,010,452","277,283,713",89,0,5,24,56,10/24/21
,The Clash,"1,745,279,506",0,236,0,3,21,92,10/03/21
,Luciano,"1,739,792,255","319,142,793",144,0,0,50,115,08/18/21
,Goodboys,"1,733,504,326","3,127,165",38,0,3,7,15,07/13/21
,Limp Bizkit,"1,729,420,743","2,809,309",114,0,5,21,93,02/22/21
,M83,"1,724,667,333","14,721,792",238,0,2,20,108,09/21/21
,Joan Sebastian,"1,722,021,223",0,470,0,2,32,188,10/31/20
,Annie Lennox,"1,720,968,638","7,891,814",322,0,3,20,78,10/08/21
,Mike WiLL Made-It,"1,719,563,002","238,152,584",135,0,5,27,68,05/08/21
,Pharrell Williams,"1,717,085,943","5,533,301,195",107,0,2,19,58,09/15/21
,Sleeping At Last,"1,715,283,824","90,559",275,0,3,37,162,07/30/21
,Thirty Seconds To Mars,"1,711,915,432","45,274,414",83,0,4,32,74,09/16/21
,The Kooks,"1,709,760,603",0,230,0,5,27,94,07/19/21
,Lord Huron,"1,706,099,834",0,75,0,3,20,66,09/25/21
,Portugal. The Man,"1,704,124,466","40,958,424",170,0,1,25,86,02/22/21
,Olly Murs,"1,697,526,985","26,746,459",179,0,4,23,108,09/14/21
,Stefflon Don,"1,692,884,847","289,527,958",75,0,6,18,56,08/27/21
,Lofi Fruits Music,"1,690,425,100","110,241,102","1,087",0,0,15,448,09/06/21
,Rod Wave,"1,689,840,184","40,846,675",110,0,3,42,106,10/17/21
,Jessie Reyez,"1,689,642,977","444,807,204",60,0,3,24,51,08/02/21
,El Fantasma,"1,689,393,864","43,098,880",183,0,2,47,136,08/18/21
,Kacey Musgraves,"1,688,862,366","112,487,433",125,0,2,36,88,10/25/21
,Westlife,"1,688,813,151","20,077",216,0,2,34,140,10/19/21
,Loud Luxury,"1,688,216,803","44,501,635",129,0,2,21,42,09/04/21
,Tom Odell,"1,678,553,182","41,312,165",125,0,3,23,72,10/25/21
,DMX,"1,677,753,592","223,179,847",300,0,4,22,92,10/26/21
,Keane,"1,669,034,188","575,931",195,0,2,23,104,10/25/21
,Joey Bada$$,"1,668,775,774","624,051,990",111,0,3,43,90,09/12/21
,Kontra K,"1,667,863,518","175,041,048",224,0,0,49,146,05/15/21
,Ha*Ash,"1,667,258,929","387,655,077",125,0,3,37,90,10/23/21
,Jay Wheeler,"1,665,237,797","320,364,146",99,0,2,28,75,10/09/21
,Natanael Cano,"1,664,943,023","158,783,510",116,0,2,38,107,10/26/21
,Nekfeu,"1,663,428,661","420,126,358",95,0,0,64,88,10/22/21
,TINI,"1,661,981,271","226,614,098",63,0,5,26,57,10/27/21
,Michael Silverman,"1,660,294,072","202,368",934,0,0,45,224,02/26/21
,Topic,"1,653,586,230","5,769,890",80,0,2,16,45,08/12/21
,Queens of the Stone Age,"1,653,412,930",0,142,0,2,39,106,07/11/21
,Owl City,"1,651,691,885","83,245,272",109,0,2,25,101,08/18/21
,Santana,"1,650,082,208","3,221,169",614,0,4,24,125,10/21/21
,SEVENTEEN,"1,645,614,182",0,132,0,1,42,126,10/26/21
,Snow Patrol,"1,645,595,500","9,764,830",191,0,2,22,97,09/30/21
,Gerardo Ortiz,"1,642,590,276","411,753,848",233,0,1,36,170,02/12/21
,Swedish House Mafia,"1,641,850,031","1,825,989",36,0,5,16,30,10/18/21
,Dierks Bentley,"1,641,067,921","151,851,446",149,0,4,24,85,09/02/21
,Ben Howard,"1,637,484,586","463,674",60,0,4,27,50,10/23/21
,Danna Paola,"1,634,869,449","48,148,186",101,0,5,28,62,10/27/21
,Moneybagg Yo,"1,634,135,129","860,173,671",252,0,0,40,181,10/22/21
,Kelly Rowland,"1,628,739,740","661,225,693",173,0,4,17,68,01/22/21
,Afrojack,"1,628,200,244","1,395,253,007",305,0,2,32,121,05/02/21
,Booba,"1,627,926,606","616,978,294",234,0,0,47,186,10/22/21
,Incubus,"1,624,593,194",0,229,0,3,28,128,09/02/21
,Gryffin,"1,624,514,140","414,715,959",120,0,6,24,72,04/23/21
,MAX,"1,621,199,905","167,174,319",138,0,4,26,76,10/19/21
,Apache 207,"1,620,466,836","108,273,271",33,0,2,31,33,08/06/21
,Elevation Worship,"1,620,461,758","12,831,641",240,0,1,34,169,10/01/21
,Ciara,"1,618,098,438","402,341,317",155,0,4,23,86,09/23/21
,Powfu,"1,617,907,608","107,941,893",66,1,1,12,62,09/03/21
,Tee Grizzley,"1,617,436,989","139,751,443",129,0,3,24,109,05/12/21
,Lil Dicky,"1,616,460,233","114,899,323",22,0,5,16,22,09/03/21
,Sara Bareilles,"1,614,037,594","74,694,570",186,0,4,21,107,10/26/21
,Yo Gotti,"1,612,651,009","1,174,641,342",479,0,2,27,130,07/04/21
,Los Tigres Del Norte,"1,612,543,190","141,929,772",629,0,0,34,233,09/06/21
,Ali Gatie,"1,612,409,670","1,734,846",34,0,3,18,30,06/07/21
,Gigi D'Agostino,"1,607,853,514","811,917",423,1,2,7,29,07/02/21
,Aloe Blacc,"1,607,469,913","221,208,510",189,0,3,17,58,04/10/21
,La Oreja de Van Gogh,"1,604,731,207","56,855,566",182,0,2,35,161,10/26/21
,Cosculluela,"1,602,713,772","854,087,172",125,0,4,23,82,02/15/21
,Thalia,"1,600,873,719","265,152,280",305,0,2,29,124,10/26/21
,Trevor Daniel,"1,598,470,985","144,755,306",42,1,2,12,41,08/12/21
,KISS,"1,597,372,365",0,411,0,3,15,128,06/09/21
,Quinn XCII,"1,592,676,323",0,69,0,3,41,69,11/14/20
,CHVRCHES,"1,591,449,210","5,074,935",116,0,2,30,83,10/12/21
,TKKG,"1,590,067,517",0,"4,763",0,0,0,28,01/02/21
,Mötley Crüe,"1,588,883,158",0,225,0,4,21,87,10/15/21
,Beret,"1,586,857,502","43,424,522",48,0,3,40,47,10/04/21
,ANAVITÓRIA,"1,585,687,353","216,439,786",72,0,3,37,68,10/27/21
,Kollegah,"1,584,591,974","94,663,622",551,0,0,39,289,10/14/21
,Frédéric Chopin,"1,580,987,576","1,163,362","9,790",0,0,20,229,08/06/21
,Charlie Brown Jr.,"1,580,294,868","35,076,703",278,0,0,30,160,10/03/21
,Wale,"1,580,208,020","1,154,717,634",238,0,3,33,130,01/05/21
,Blueface,"1,578,666,919","506,759,991",88,0,4,25,69,09/26/21
,Wham!,"1,575,017,706","803,322",36,0,2,8,28,10/20/21
,Conor Maynard,"1,573,210,113","290,548,203",128,0,3,37,81,07/10/21
,Daya,"1,567,388,316","1,974,448,643",43,0,4,17,38,10/21/21
,Gwen Stefani,"1,567,367,202","859,314,178",98,0,3,17,65,10/26/21
,Zoé,"1,566,169,419","8,309,495",188,0,3,38,109,01/29/21
,fun.,"1,563,903,413","179,922",26,0,3,16,25,09/22/21
,Leona Lewis,"1,562,947,663","47,122,679",130,0,4,16,73,10/24/21
,Old Dominion,"1,558,080,029","2,210,265",74,0,6,25,51,09/03/21
,Bryant Myers,"1,555,580,281","1,572,871,706",92,0,4,39,83,03/11/21
,Willy William,"1,554,428,694",0,97,1,2,7,23,11/16/20
,Lady A,"1,553,890,200","123,565,129",220,0,2,24,120,09/03/21
,Gente De Zona,"1,552,539,697","1,252,561,307",111,0,3,20,76,09/23/21
,Martin Jensen,"1,550,508,031","248,746,085",68,0,3,19,41,01/11/21
,The Jackson 5,"1,548,706,728","2,117,270",349,0,3,11,46,10/26/21
,Nas,"1,546,917,718","652,936,327",302,0,2,32,163,01/06/21
,Die drei !!!,"1,543,605,722","23,498,439","2,798",0,0,0,58,10/09/21
,Sufjan Stevens,"1,537,720,483","30,503,692",388,0,1,26,170,08/07/21
,John Lennon,"1,537,015,542","5,548,139",463,0,3,20,82,10/25/21
,Dilsinho,"1,536,975,587","323,485,409",138,0,3,29,116,10/20/21
,Casper Magico,"1,532,557,006","158,823,124",80,0,2,17,54,01/02/21
,Chief Keef,"1,531,749,381","493,317,969",534,0,4,23,167,09/17/21
,Darell,"1,529,447,202","4,202,605,904",124,0,4,29,86,10/02/21
,Denzel Curry,"1,527,964,815","417,775,940",115,0,2,39,88,10/26/21
,Arcade Fire,"1,527,258,745",0,103,0,3,44,82,10/22/21
,AJ Tracey,"1,518,925,602","127,062,369",98,0,4,28,83,10/26/21
,David Bisbal,"1,516,626,351","609,850,259",242,0,2,29,116,10/19/21
,Niska,"1,516,560,541","532,738,249",92,0,1,43,89,09/16/21
,Guaynaa,"1,515,566,695","98,646,182",47,0,5,16,38,10/15/21
,Lee Brice,"1,514,026,248","12,190,065",94,0,6,14,65,09/03/21
,Jack Ü,"1,509,853,886","912,261",32,0,3,10,30,12/26/20
,Felipe Araújo,"1,507,060,178","144,991,670",97,0,5,18,64,09/03/21
,Bruno & Marrone,"1,499,184,205","204,065,915",411,0,1,29,185,08/31/21
,Sting,"1,498,664,690","216,365,401",465,0,3,20,184,09/08/21
,The Pussycat Dolls,"1,495,427,167","20,067,111",54,0,4,14,40,10/10/21
,Ice Cube,"1,494,097,969","176,529,482",265,0,3,20,145,01/28/21
,Neil Young,"1,492,248,289","17,581,131",856,0,3,22,131,09/02/21
,Mon Laferte,"1,490,118,659","271,037,423",128,0,3,28,106,10/23/21
,Paul Simon,"1,490,036,511","68,021,453",429,0,3,20,104,10/06/21
,Kevin Roldan,"1,489,016,332","399,120,073",126,0,2,29,89,06/11/21
,Taio Cruz,"1,487,977,887","23,439,157",95,0,4,13,41,09/05/21
,Internet Money,"1,487,270,931","240,760,241",40,0,3,10,23,09/08/21
,The National,"1,481,830,520","68,728,009",209,0,1,43,137,10/07/21
,Sean Kingston,"1,478,550,000","131,894,349",127,0,5,16,44,09/25/21
,Alan Jackson,"1,476,559,130","65,038,230",253,0,1,31,137,03/05/21
,Roxette,"1,475,994,431","299,275",382,0,3,17,85,09/30/21
,Aitana,"1,474,511,710","3,750,992",65,0,4,26,63,10/27/21
,Martin Solveig,"1,474,236,399","1,215,667",247,0,5,16,60,02/12/21
,Shania Twain,"1,470,707,334","176,158,153",170,0,4,24,97,10/23/21
,MKTO,"1,469,541,117","10,444,447",29,0,1,14,28,09/03/21
,Stromae,"1,469,459,552","55,697,785",46,0,4,21,36,10/16/21
,Ezhel,"1,466,161,763","150,391,507",59,0,0,40,55,10/13/21
,Banda El Recodo,"1,464,524,587","1,277,033",550,0,1,36,155,02/24/21
,Yusuf / Cat Stevens,"1,461,402,233","15,764,014",325,0,3,18,64,10/22/21
,Yellow Claw,"1,460,222,344","76,991,831",238,0,2,30,115,07/09/21
,Nat King Cole,"1,459,023,413","6,746,115","1,088",0,2,25,103,09/02/21
,Chayanne,"1,458,798,729","106,591,871",235,0,2,25,91,08/31/21
,Kiiara,"1,457,204,493","270,410,790",71,0,3,18,35,10/21/21
,League of Legends,"1,448,732,152","672,689,310",329,0,3,19,85,10/11/21
,Plan B,"1,448,270,585",0,62,0,4,19,52,11/15/20
,Lionel Richie,"1,447,451,297","46,509,966",268,0,5,17,69,10/22/21
,Saweetie,"1,444,984,203","299,823,047",61,0,4,22,51,10/23/21
,Simple Plan,"1,441,022,268","1,788,290",118,0,4,29,86,10/18/21
,John Newman,"1,439,605,622","331,748,009",82,0,3,12,53,03/24/21
,Nina Simone,"1,438,858,558","15,465,627",546,0,2,22,124,10/06/21
,Yung Gravy,"1,437,194,028","9,022,509",71,0,2,27,68,07/16/21
,Granular,"1,434,614,692",0,432,0,2,19,69,03/05/21
,Nipsey Hussle,"1,430,729,695","226,102,540",282,0,2,30,135,08/09/21
,Alex Rose,"1,427,992,828","417,963,769",61,0,3,24,56,07/07/21
,Sade,"1,427,458,438","1,356,898",111,0,4,33,104,10/26/21
,Chelsea Cutler,"1,426,164,636","432,991,241",78,0,3,28,65,07/16/21
,DJ Luian,"1,425,231,812","1,986,428,348",52,0,4,15,41,02/22/21
,Electric Light Orchestra,"1,422,261,000","22,736,509",235,0,3,16,111,01/04/21
,*NSYNC,"1,420,761,421","19,029,493",92,0,5,15,70,10/26/21
,Los Temerarios,"1,420,543,713",0,322,0,0,46,128,10/05/21
,DENNIS,"1,419,916,276","117,580,197",305,0,4,30,120,06/20/21
,Calle 13,"1,419,474,679","80,756,373",81,0,4,28,75,01/06/21
,Lily Allen,"1,416,696,030","279,853,586",114,0,3,22,78,08/15/21
,Kylie Minogue,"1,416,431,644","106,243,198",869,0,2,28,157,10/20/21
,Tech N9ne,"1,413,659,255","538,028,931",451,0,0,27,219,10/08/21
,Marco Antonio Solís,"1,413,261,614","485,985,284",203,0,1,33,139,02/26/21
,Mambo Kingz,"1,409,982,433","1,796,968,260",36,0,5,11,14,02/26/21
,Bullet For My Valentine,"1,409,246,889","26,581",162,0,2,35,91,08/05/21
,Baby Lullaby Academy,"1,409,215,562","30,122,083","2,087",0,0,52,164,09/22/21
,Dolly Parton,"1,408,501,618","121,299,239",948,0,3,13,124,12/31/20
,Brad Paisley,"1,407,470,935","46,180,925",232,0,1,34,123,09/03/21
,girl in red,"1,407,188,043","3,765,618",29,0,5,19,28,10/18/21
,Chencho Corleone,"1,407,116,148","791,262,424",18,0,5,13,17,09/25/21
,deadmau5,"1,406,999,842","88,245,746",433,0,1,27,188,07/24/21
,Bea Miller,"1,402,357,033","973,863,406",41,0,4,22,41,10/22/21
,Jowell & Randy,"1,402,083,663","746,943,451",169,0,3,22,86,10/18/21
,The Goo Goo Dolls,"1,396,855,854","279,713",248,0,2,13,69,03/23/21
,Natalia Lafourcade,"1,396,482,974","771,577,589",173,0,3,28,112,10/23/21
,Jay Chou,"1,394,403,171","20,862,440",297,0,0,45,162,04/02/21
,Mike Perry,"1,392,920,550",0,32,0,2,17,31,11/14/20
,Tom Walker,"1,391,545,813","90,387,030",82,0,3,20,54,09/20/21
,Miranda Lambert,"1,386,337,755","305,075,379",156,0,1,26,120,10/26/21
,Ghostemane,"1,384,997,008","53,311,906",139,0,2,32,102,10/19/21
,will.i.am,"1,384,450,649","1,786,210,849",98,0,4,14,42,09/04/21
,Brett Young,"1,381,201,917","14,949,745",60,0,4,18,40,10/26/21
,Ruth B.,"1,379,219,593","4,223,091",44,0,3,12,30,10/18/21
,Mr. Probz,"1,378,183,383","227,072,647",36,0,2,11,30,09/03/21
,Cigarettes After Sex,"1,378,174,690","2,126,632",30,0,3,28,30,10/17/21
,Greeicy,"1,374,067,292","41,777,009",53,0,3,27,47,10/25/21
,Feid,"1,373,451,909","1,894,009,161",114,0,2,25,76,10/23/21
,Ferrugem,"1,372,026,685","226,582,639",134,0,1,33,107,08/14/21
,KSI,"1,370,998,805","24,347,700",113,0,0,36,84,10/26/21
,James TW,"1,370,209,304",0,30,0,3,18,30,11/14/20
,YUNGBLUD,"1,367,258,954","366,326,991",77,0,2,32,60,10/17/21
,Rich Brian,"1,366,968,490","484,398,183",53,0,3,33,52,10/26/21
,The Who,"1,365,701,719",0,776,0,6,12,81,12/26/20
,Olivia O'Brien,"1,365,047,441","1,318,584,669",51,0,3,19,40,10/15/21
,Audioslave,"1,360,471,453",0,58,0,5,16,46,10/26/21
,Tears For Fears,"1,359,484,725","2,270,559",209,0,2,11,55,10/27/21
,Dennis Lloyd,"1,359,049,478",0,33,0,2,17,29,06/20/21
,Willie Nelson,"1,357,834,751","211,167,459","1,494",0,3,21,128,09/02/21
,Summer Cem,"1,357,000,399","264,671,653",177,0,2,31,105,02/05/21
,Lalo Ebratt,"1,355,512,932","54,847,249",44,0,6,14,34,01/22/21
,Angus & Julia Stone,"1,354,613,988",0,153,0,3,26,88,11/14/20
,Tina Turner,"1,354,177,177","19,476,587",218,0,5,15,69,10/25/21
,Cyndi Lauper,"1,353,937,300","6,238,491",218,0,3,7,29,10/24/21
,Gavin James,"1,353,919,817","52,147,623",105,0,3,26,80,02/19/21
,Bing Crosby,"1,353,425,915","9,003,222","1,203",0,2,23,68,01/05/21
,Lil Kleine,"1,349,650,279","311,191,469",106,0,0,41,88,10/19/21
,Oh Wonder,"1,346,137,068","548,943,890",57,0,5,30,54,08/11/21
,Tracy Chapman,"1,336,856,862","72,530,177",102,0,4,13,84,09/02/21
,Selena,"1,335,632,526","2,128,068",177,0,2,24,87,10/23/21
,Will Smith,"1,333,708,440","29,481,971",89,0,4,15,45,10/06/21
,Jack & Jack,"1,333,223,893","43,745,345",44,0,2,15,42,08/30/21
,Bill Withers,"1,332,850,466","37,292,559",119,0,4,10,58,04/05/21
,Surfaces,"1,332,266,175",0,64,0,1,16,50,09/03/21
,Sofía Reyes,"1,328,889,375","201,449,131",47,0,2,18,38,10/23/21
,Dido,"1,328,523,318","3,836,236",198,0,3,14,80,09/02/21
,Jeezy,"1,327,116,650","1,246,803,557",599,0,1,26,179,08/29/21
,Wolfgang Amadeus Mozart,"1,323,952,565","4,758,138","11,669",0,0,14,180,09/13/21
,Alina Baraz,"1,322,860,439","26,853,751",72,0,3,26,62,10/19/21
,LUDMILLA,"1,322,684,960","356,865,365",134,0,0,30,114,10/27/21
,Grupo Firme,"1,321,158,703","269,587,341",183,0,2,29,93,06/03/21
,Jasmine Thompson,"1,317,231,334",0,108,0,3,35,83,11/05/20
,Maria Becerra,"1,315,072,144","244,048,114",31,0,2,20,31,10/27/21
,Blur,"1,311,460,535","15,936",355,0,2,18,85,09/27/21
,Alvaro Soler,"1,307,458,976","26,316,017",90,0,2,16,60,10/09/21
,Luísa Sonza,"1,307,380,515","1,719,444",58,0,3,24,45,10/27/21
,Ella Fitzgerald,"1,306,751,857","11,252,389","1,952",0,1,19,138,12/27/20
,Jon Pardi,"1,301,565,161","94,534,699",63,0,4,16,46,05/07/21
,Tori Kelly,"1,301,453,889","448,791,880",94,0,3,23,72,10/25/21
,Lenny Kravitz,"1,299,154,929","48,115,127",269,0,4,17,93,09/02/21
,IU,"1,295,955,334","56,979,092",159,0,2,25,84,10/26/21
,Genesis,"1,295,454,874","658,083",354,0,2,25,139,01/07/21
,Sin Bandera,"1,294,370,986","78,541,133",114,0,4,21,81,02/09/21
,TLC,"1,294,288,247","202,409,971",173,0,3,9,49,10/10/21
,Lil Xan,"1,291,482,211","15,144,315",74,0,3,17,55,09/08/21
,Mary J. Blige,"1,289,394,631","1,819,034,323",368,0,2,26,130,10/03/21
,Brantley Gilbert,"1,288,253,176","100,016,251",112,0,2,30,82,09/03/21
,ZZ Top,"1,286,794,372",0,266,0,3,14,88,09/02/21
,Ramin Djawadi,"1,286,775,894","12,413,030",885,0,0,26,244,02/26/21
,Louis Armstrong,"1,285,502,051","12,982,577","1,476",0,3,18,109,01/04/21
,Snakehips,"1,284,895,360","87,512,393",64,0,3,17,45,02/27/21
,Natiruts,"1,284,627,208","17,687,599",211,0,1,33,147,08/30/21
,Bruno Martini,"1,284,419,429","17,263,864",94,0,2,15,33,10/07/21
,Maggie Lindemann,"1,283,798,570","2,296,041",24,0,2,10,24,10/26/21
,Oliver Heldens,"1,281,119,368",0,127,0,3,26,78,11/14/20
,Skepta,"1,280,472,588","1,177,727,240",146,0,1,31,105,08/24/21
,NEFFEX,"1,280,094,835",0,156,0,2,27,139,05/14/21
,Lupe Fiasco,"1,276,832,416","218,167,580",167,0,2,18,118,09/21/21
,Spice Girls,"1,275,752,140","605,083",105,0,2,11,36,10/24/21
,Cher,"1,275,748,566","11,907,292",397,0,2,17,67,10/26/21
,Dean Martin,"1,271,240,189","5,961,006",586,0,1,17,107,01/03/21
,The Head And The Heart,"1,271,155,866",0,77,0,3,21,64,07/30/21
,Benjamin Blümchen,"1,270,296,618","2,187,805","5,668",0,0,2,41,10/09/21
,Lykke Li,"1,267,977,654","88,501,825",96,0,2,24,69,09/20/21
,Tinie Tempah,"1,264,492,695","429,042,133",127,0,3,21,63,09/03/21
,Capo Plaza,"1,260,400,629","578,528,070",67,0,1,35,60,09/09/21
,Lil Jon,"1,259,193,098","1,536,589,891",142,0,3,15,49,09/02/21
,Toby Keith,"1,257,439,909","18,017,157",292,0,3,21,84,09/02/21
,Beck,"1,257,317,743","78,812,344",288,0,1,26,136,09/22/21
,Andrea Bocelli,"1,255,153,364","29,954,086",550,0,2,25,160,10/24/21
,Lauren Daigle,"1,254,131,254","150,419,068",67,0,1,32,60,09/03/21
,ZHU,"1,253,093,333","45,485,295",104,0,2,30,77,09/07/21
,Timbaland,"1,250,914,821","1,744,179,833",165,0,2,13,60,09/20/21
,Juicy J,"1,250,538,324","2,951,000,597",334,0,2,27,85,12/30/20
,The All-American Rejects,"1,250,018,034",0,86,0,4,8,61,10/25/21
,Dynoro,"1,249,862,868",0,14,0,1,7,13,11/17/20
,Alice In Chains,"1,249,120,364","191,722",137,0,2,24,100,12/31/20
,Melim,"1,248,051,948","47,036,639",84,0,2,30,64,10/12/21
,Chris Young,"1,247,645,486",0,92,0,3,20,68,11/14/20
,Gustavo Cerati,"1,244,552,421","161,088,257",160,0,1,29,103,08/31/21
,Salaam Remi,"1,244,052,119","274,416,805",174,1,1,2,10,08/05/21
,Tungevaag,"1,241,073,021","1,371,087",62,0,4,24,39,05/14/21
,Los Bukis,"1,238,840,274","6,645,445",245,0,0,43,100,09/24/21
,Kina,"1,237,030,469","2,962,492",31,0,2,9,21,05/29/21
,Vince Staples,"1,236,177,266","499,964,411",82,0,2,25,75,09/26/21
,NCT 127,"1,234,877,288","40,274,341",121,0,0,35,93,10/26/21
,Seether,"1,230,727,184","116,581",169,0,3,23,103,12/27/20
,Kris Kross Amsterdam,"1,227,717,300","9,661,668",29,0,2,11,20,01/25/21
,Max Richter,"1,225,348,164","33,749",904,0,0,18,161,02/26/21
,Leon Bridges,"1,224,196,478",0,55,0,3,27,55,11/14/20
,Brent Faiyaz,"1,223,680,356","538,478,146",45,0,2,22,45,07/28/21
,Showtek,"1,223,338,892","66,492,313",247,0,2,19,69,02/26/21
,Cash Cash,"1,222,618,389","88,365,145",133,0,3,22,63,02/26/21
,Simone & Simaria,"1,222,174,153","207,972,376",114,0,4,20,74,10/26/21
,Pabllo Vittar,"1,221,131,755","277,965,365",92,0,2,31,65,10/27/21
,Timmy Trumpet,"1,221,086,680","73,893,196",149,0,1,25,81,02/26/21
,Intocable,"1,220,814,315","17,782,991",304,0,2,29,163,06/27/21
,Salmo,"1,220,205,309","561,519,339",149,0,1,28,93,10/17/21
,BØRNS,"1,218,774,629","16,653,608",44,0,2,17,40,06/24/21
,Supertramp,"1,218,664,114","30,706",119,0,3,16,81,10/13/21
,a-ha,"1,218,091,808","11,723",350,0,1,10,65,01/03/21
,A Tribe Called Quest,"1,217,610,616","2,194,254",172,0,1,31,108,10/25/21
,Pixies,"1,217,270,049","448,181",707,0,3,14,97,10/24/21
,Daughtry,"1,215,090,026","1,852,975",123,0,2,19,91,10/04/21
,AWOLNATION,"1,212,368,781","24,910,582",116,0,1,19,68,07/10/21
,Dominic Fike,"1,211,886,669","97,477,865",28,0,2,17,28,10/23/21
,Deftones,"1,210,056,453","550,159",140,0,1,30,118,09/11/21
,Camila,"1,210,015,690","45,300,205",98,0,3,20,69,02/26/21
,Los Enanitos Verdes,"1,206,944,057","4,841,307",180,0,3,17,85,10/05/21
,Otis Redding,"1,202,718,503","96,674,731",273,0,2,16,85,12/17/20
,A R I Z O N A,"1,202,055,144","70,458,524",61,0,2,21,48,09/10/21
,Jacquees,"1,202,013,471","240,482,349",142,0,2,19,101,07/29/21
,Petit Biscuit,"1,199,615,143","18,677,227",84,0,1,20,51,04/07/21
,Foals,"1,196,124,320","1,309,562",162,0,2,31,76,09/14/21
,Emeli Sandé,"1,194,737,638","545,104,417",146,0,3,18,76,02/26/21
,Death Cab for Cutie,"1,191,747,257","30,736,945",197,0,1,29,115,10/06/21
,Diego & Victor Hugo,"1,190,246,824","8,547,493",115,0,5,18,71,10/18/21
,Jake Owen,"1,189,060,122","30,523,629",90,0,2,16,71,09/03/21
,Alanis Morissette,"1,188,196,497","3,432,473",295,0,3,16,99,10/13/21
,Dave Matthews Band,"1,187,540,696","12,441,432","1,002",0,1,23,150,10/18/21
,WILLOW,"1,187,406,742","210,175,831",73,0,3,13,65,10/19/21
,Wu-Tang Clan,"1,187,400,020","11,075,579",347,0,1,16,119,06/19/21
,SCH,"1,187,209,911","327,201,386",109,0,0,41,108,10/24/21
,Dadju,"1,185,762,627","366,887,717",89,0,0,32,88,06/10/21
,Craig David,"1,184,020,237","79,790,305",161,0,1,19,87,08/26/21
,Frenna,"1,183,949,855","307,185,737",131,0,0,37,102,09/09/21
,Gustavo Mioto,"1,183,601,360","66,339,851",80,0,4,21,60,07/13/21
,Missy Elliott,"1,183,433,606","1,152,793,513",135,0,4,20,60,10/04/21
,Counting Crows,"1,181,632,427","3,786,266",193,0,3,12,68,07/09/21
,Pineapple StormTv,"1,181,094,407","119,381,866",191,0,1,25,87,06/29/21
,Foreigner,"1,180,377,331","251,313",287,0,4,11,53,09/26/21
,Grouplove,"1,180,340,182","3,672,342",110,0,2,15,66,07/22/21
,Megadeth,"1,179,502,849","586,697",401,0,1,18,170,10/09/21
,Cro,"1,176,297,892","135,230,980",136,0,0,27,102,05/06/21
,Gloria Trevi,"1,173,569,039","129,212,035",271,0,0,28,119,10/26/21
,Sam Cooke,"1,172,537,664","384,104",356,0,3,11,73,09/15/21
,Hombres G,"1,172,100,715","57,228,169",275,0,2,14,110,10/21/21
,Beastie Boys,"1,170,723,253","631,275",293,0,3,17,145,02/11/21
,Talking Heads,"1,170,559,958",0,173,0,3,18,94,08/24/21
,KALEO,"1,170,023,281","24,451",21,0,3,15,17,03/31/21
,Regard,"1,169,696,729",0,31,0,2,4,16,03/29/21
,Gemitaiz,"1,169,359,138","551,183,196",158,0,0,33,119,07/17/21
,Ludacris,"1,169,259,865","3,205,955,574",204,0,0,24,107,03/30/21
,Dustin Lynch,"1,168,422,327","8,116,031",74,0,3,15,60,09/03/21
,TOMORROW X TOGETHER,"1,167,330,997",0,54,0,1,35,51,10/27/21
,Oliver Tree,"1,166,497,385","36,945,706",45,0,2,23,42,10/05/21
,The Score,"1,166,473,185","804,340",57,0,2,24,56,09/06/21
,Burna Boy,"1,166,156,990","1,300,701,026",162,0,3,29,89,10/09/21
,Cole Swindell,"1,163,691,710","7,146,457",77,0,2,19,64,10/14/21
,Río Roma,"1,162,969,995","54,061,819",97,0,2,25,74,02/28/21
,The Temptations,"1,162,727,326","52,421,883",703,0,2,10,54,06/20/21
,Banda Los Recoditos,"1,159,835,788","11,518,962",233,0,2,23,111,02/26/21
,Matuê,"1,158,857,411","188,199,873",29,0,2,26,28,10/21/21
,Eurythmics,"1,158,311,287","11,388,127",190,0,1,11,37,10/16/21
,Grateful Dead,"1,157,947,195",0,"3,119",0,0,16,132,10/14/21
,Kungs,"1,157,042,297","11,911,282",27,0,1,9,25,04/03/21
,Ultimo,"1,156,774,588","68,861,721",62,0,0,31,50,10/26/21
,Stone Sour,"1,154,389,161","209,472",137,0,3,16,102,06/28/21
,EDEN,"1,154,155,920","22,025,471",56,0,3,23,55,10/24/21
,Brett Eldredge,"1,153,026,213",0,92,0,3,17,64,10/27/21
,AURORA,"1,150,276,785","320,842,846",82,0,1,25,60,10/24/21
,Canserbero,"1,150,259,120","11,742,174",90,0,1,30,79,10/23/21
,Two Feet,"1,147,628,660","20,047,600",38,0,3,17,35,02/26/21
,Lindsey Stirling,"1,147,311,882","222,045,071",104,0,0,41,99,10/24/21
,La Adictiva Banda San José de Mesillas,"1,145,624,117","31,641,132",87,0,2,23,59,02/26/21
,beabadoobee,"1,145,182,474","4,643,526",52,0,1,6,35,02/26/21
,Icona Pop,"1,144,480,058","189,837,410",113,0,2,16,55,05/03/21
,Empire of the Sun,"1,144,142,649","91,503,429",108,0,3,10,52,06/30/21
,Moby,"1,139,611,531","209,309,702",770,0,1,19,147,12/24/20
,Darius Rucker,"1,139,059,566","36,543,140",101,0,1,14,75,10/23/21
,MadeinTYO,"1,138,903,625","452,976,749",81,0,4,16,56,05/07/21
,Famous Dex,"1,138,688,989","150,148,632",149,0,2,9,57,05/05/21
,Tom Petty and the Heartbreakers,"1,136,844,304","2,619,823",230,0,3,15,78,06/30/21
,Official HIGE DANdism,"1,136,492,188",0,125,0,3,20,57,10/21/21
,Ella Eyre,"1,134,243,288","182,202,955",77,0,4,13,46,02/26/21
,ONE OK ROCK,"1,133,808,931",0,115,0,0,35,103,09/07/21
,LMFAO,"1,132,378,790","211,074,207",57,0,3,9,33,09/03/21
,RIN,"1,131,389,375","55,810,713",61,0,1,29,59,07/31/21
,Eros Ramazzotti,"1,130,533,036","20,569,094",416,0,2,21,146,10/24/21
,Kelsea Ballerini,"1,130,406,973","549,576,426",74,0,1,22,58,09/18/21
,Duran Duran,"1,129,700,517",0,489,0,2,16,64,10/25/21
,Gym Class Heroes,"1,128,430,812",0,72,0,2,6,28,09/02/21
,Ben&Ben,"1,128,332,219","13,333,168",50,0,3,22,41,10/19/21
,M.I.A.,"1,127,631,117","156,089,688",111,0,3,11,75,09/11/21
,BIGBANG,"1,126,764,020","1,029",378,0,1,21,51,10/26/21
,Disciples,"1,123,799,838","45,002,553",74,0,1,12,33,02/26/21
,GoldLink,"1,123,755,908","316,916,226",94,0,2,21,64,10/24/21
,KSHMR,"1,121,737,570","140,390,298",115,0,1,31,80,05/05/21
,A Great Big World,"1,121,397,433","17,445,760",63,0,1,12,32,09/03/21
,Fat Joe,"1,121,148,790","405,211,372",224,0,3,18,60,09/13/21
,Phoenix,"1,121,055,870","1,572,724",109,0,3,20,66,06/30/21
,KC Rebell,"1,120,353,473","295,392,571",243,0,0,31,112,05/26/21
,Roy Woods,"1,119,390,370","26,288,013",56,0,1,30,52,05/09/21
,James Blake,"1,118,610,900","569,313,244",105,0,2,29,87,09/27/21
,Juan Luis Guerra 4.40,"1,118,430,197","604,402,394",202,0,1,24,107,05/28/21
,Evaluna Montaner,"1,112,826,579","108,975,406",43,0,3,6,23,10/26/21
,No Doubt,"1,110,113,994","271,174",120,0,2,13,52,10/26/21
,Vintage Culture,"1,109,832,439","29,149,174",169,0,1,32,97,02/26/21
,Bunbury,"1,108,581,759","125,929,261",404,0,0,18,172,04/04/21
,Iron & Wine,"1,107,433,325","870,226",196,0,2,17,118,02/26/21
,James Taylor,"1,107,151,890","113,542,401",386,0,2,17,115,10/12/21
,Jamiroquai,"1,106,218,207","4,942,417",235,0,1,20,117,09/11/21
,Deep Purple,"1,106,150,659","4,039,988",813,0,2,14,72,10/19/21
,Marc E. Bassy,"1,104,434,431","470,988,921",95,0,2,20,71,10/19/21
,Digital Farm Animals,"1,104,014,283","607,180,505",70,0,1,15,45,09/06/21
,MC Kevin o Chris,"1,103,437,155","286,144,025",155,0,3,24,83,05/21/21
,UB40,"1,099,893,951","1,383,276",396,0,3,14,72,02/26/21
,Zendaya,"1,099,508,705","1,338,078,198",40,0,3,7,28,10/12/21
,Smokepurpp,"1,099,377,977","333,002,703",113,0,2,23,82,09/26/21